,species,mhc,peptide_length,sequence,meas
1313,chimpanzee,Patr-A*0901,9,TWLTYHGAI,-0.20504458783769236
1314,chimpanzee,Patr-A*0901,9,KYTQLCQYL,-0.2585175599164531
1315,chimpanzee,Patr-A*0901,9,KYIMTCMSA,-0.28047114921891697
1316,chimpanzee,Patr-A*0901,9,RWGYSLNFM,-0.3397006170785401
1317,chimpanzee,Patr-A*0901,9,KFALWRVSA,-0.3762295650453239
1318,chimpanzee,Patr-A*0901,9,VFFCFAWYL,-0.4985884133524398
1319,chimpanzee,Patr-A*0901,9,SWAIKWEYV,-0.8125031221446747
1320,chimpanzee,Patr-A*0901,9,KFLWEWASA,-0.8289676597215395
1321,chimpanzee,Patr-A*0901,9,RWVPGAVYA,-0.8405592939846767
1322,chimpanzee,Patr-A*0901,9,SFPWLLGCA,-0.9778114610328156
1323,chimpanzee,Patr-A*0901,9,RWMCLRRFI,-1.0304598590525191
1324,chimpanzee,Patr-A*0901,9,FFPSVRDLL,-1.056818936342697
1325,chimpanzee,Patr-A*0901,9,SFLVFFCFA,-1.1476019777903417
1326,chimpanzee,Patr-A*0901,9,SYQHFRRLL,-1.2256079890910416
1327,chimpanzee,Patr-A*0901,9,SWHINSTAL,-1.2299750776158018
1328,chimpanzee,Patr-A*0901,9,CWVAVTPTV,-1.2489729796037536
1329,chimpanzee,Patr-A*0901,9,SYVNTNMGL,-1.260826951590259
1330,chimpanzee,Patr-A*0901,9,RFAPPCKPL,-1.2619111849080105
1331,chimpanzee,Patr-A*0901,9,KFNPMKTYI,-1.347282015804704
1332,chimpanzee,Patr-A*0901,9,LYGMWPLLL,-1.3813460711574828
1333,chimpanzee,Patr-A*0901,9,SFSIFLLAL,-1.5805898469167858
1334,chimpanzee,Patr-A*0901,9,CWGELMTLA,-1.6083926333402183
1335,chimpanzee,Patr-A*0901,9,HYLHTLWKA,-1.6884892768672777
1336,chimpanzee,Patr-A*0901,9,SFNCGGEFF,-1.7223178336221352
1337,chimpanzee,Patr-A*0901,9,YFVASFRLF,-1.7356246612189024
1338,chimpanzee,Patr-A*0901,9,QFLYLYALI,-1.7471982674168718
1339,chimpanzee,Patr-A*0901,9,MWPLLLLLL,-1.8348221673384977
1340,chimpanzee,Patr-A*0901,9,LFTAVTNFL,-1.8997162701837904
1341,chimpanzee,Patr-A*0901,9,LYSILSPFL,-1.9146923566147245
1342,chimpanzee,Patr-A*0901,9,SYSWTGALV,-1.9299268961314169
1343,chimpanzee,Patr-A*0901,9,RYRIGNYKL,-1.9668256045619064
1344,chimpanzee,Patr-A*0901,9,AYMSKAHGV,-1.979417834572623
1345,chimpanzee,Patr-A*0901,9,QYFLTRVEA,-1.9934639671406675
1346,chimpanzee,Patr-A*0901,9,NYMPYVFTL,-2.0053327892742288
1347,chimpanzee,Patr-A*0901,9,IFFASFYYI,-2.008514803217452
1348,chimpanzee,Patr-A*0901,9,DFFPSVRDL,-2.0190593629696094
1349,chimpanzee,Patr-A*0901,9,GLYSSTVPV,-2.0202368402803472
1350,chimpanzee,Patr-A*0901,9,YWGPSLYSI,-2.0383664328490303
1351,chimpanzee,Patr-A*0901,9,KYLPLDKGI,-2.0455719967858688
1352,chimpanzee,Patr-A*0901,9,QYLAGLSTL,-2.048508663438617
1353,chimpanzee,Patr-A*0901,9,GWSPQAQGI,-2.0623919435190787
1354,chimpanzee,Patr-A*0901,9,YEFLQPILL,-2.0633562554643325
1355,chimpanzee,Patr-A*0901,9,FYLCFLAFL,-2.136032254864465
1356,chimpanzee,Patr-A*0901,9,FYHLPLHPA,-2.2001563003440543
1357,chimpanzee,Patr-A*0901,9,VYCFTPSPV,-2.2300217948235903
1358,chimpanzee,Patr-A*0901,9,ERYFRINSL,-2.2743120056822783
1359,chimpanzee,Patr-A*0901,9,LWPVTLACF,-2.28359803765553
1360,chimpanzee,Patr-A*0901,9,SWDQMWKCL,-2.3436575592930518
1361,chimpanzee,Patr-A*0901,9,IWDWICEVL,-2.3451273009851135
1362,chimpanzee,Patr-A*0901,9,TYQRTRALV,-2.3485125969762892
1363,chimpanzee,Patr-A*0901,9,AWYSSEATT,-2.3582557310975063
1364,chimpanzee,Patr-A*0901,9,PFVQWFVGL,-2.396523269250434
1365,chimpanzee,Patr-A*0901,9,SFVYVPSAL,-2.4022183636707157
1366,chimpanzee,Patr-A*0901,9,GYRWMCLRR,-2.4152481126496204
1367,chimpanzee,Patr-A*0901,9,YFTEVYYQL,-2.429646328286331
1368,chimpanzee,Patr-A*0901,9,SWSTVSSGA,-2.4588426880075107
1369,chimpanzee,Patr-A*0901,9,LWILQASLL,-2.4861937245490537
1370,chimpanzee,Patr-A*0901,9,IFSRIGDPA,-2.4897808996046846
1371,chimpanzee,Patr-A*0901,9,HYVPESDAA,-2.505218463873885
1372,chimpanzee,Patr-A*0901,9,VFDITKLLL,-2.5131299356738035
1373,chimpanzee,Patr-A*0901,9,QYLNLYPVA,-2.5135382694084374
1374,chimpanzee,Patr-A*0901,9,YYRYNLPTM,-2.5546622545466127
1375,chimpanzee,Patr-A*0901,9,QFTSAICSV,-2.5625968486613853
1376,chimpanzee,Patr-A*0901,9,NFISGIQYL,-2.6006422641426523
1377,chimpanzee,Patr-A*0901,9,YYHTLDESF,-2.6116769453931763
1378,chimpanzee,Patr-A*0901,9,AYRPPNAPI,-2.6119415832818054
1379,chimpanzee,Patr-A*0901,9,VWINNSWKF,-2.6207063599672415
1380,chimpanzee,Patr-A*0901,9,YTGDFDSVI,-2.6429406890565534
1381,chimpanzee,Patr-A*0901,9,RRAARAEYL,-2.644320989054685
1382,chimpanzee,Patr-A*0901,9,PFYGKAIPL,-2.703528844746931
1383,chimpanzee,Patr-A*0901,9,TWVLVGGVL,-2.750264025053084
1384,chimpanzee,Patr-A*0901,9,WFVGLSPTV,-2.76829720983392
1385,chimpanzee,Patr-A*0901,9,KFYGPFVDR,-2.7864307426503925
1386,chimpanzee,Patr-A*0901,9,NWAKVLVVL,-2.8176302762002097
1387,chimpanzee,Patr-A*0901,9,YVIKVSARV,-2.823063981266459
1388,chimpanzee,Patr-A*0901,9,TYSTYGKFL,-2.8270291558328355
1389,chimpanzee,Patr-A*0901,9,AYIDNYNKV,-2.8288890713763384
1390,chimpanzee,Patr-A*0901,9,YFVRVQGLL,-2.8352422319361548
1391,chimpanzee,Patr-A*0901,9,WFWFCLLLL,-2.841943083445895
1392,chimpanzee,Patr-A*0901,9,NWSPTAALV,-2.85541289073635
1393,chimpanzee,Patr-A*0901,9,AWIDNYNKF,-2.8630815555991846
1394,chimpanzee,Patr-A*0901,9,YFSMVGNWA,-2.8785994049178174
1395,chimpanzee,Patr-A*0901,9,VYHITVSQI,-2.895698760642665
1396,chimpanzee,Patr-A*0901,9,AYALDTEVA,-2.898901791664928
1397,chimpanzee,Patr-A*0901,9,AWYLKGRWV,-2.91011461755489
1398,chimpanzee,Patr-A*0901,9,RFIIFLFIL,-2.9292968334846283
1399,chimpanzee,Patr-A*0901,9,CFARSRSGA,-2.9405660235528632
1400,chimpanzee,Patr-A*0901,9,YYRGLDVSV,-2.9650759872816725
1401,chimpanzee,Patr-A*0901,9,FWEGVFTGL,-2.966603945520043
1402,chimpanzee,Patr-A*0901,9,YRHDGGNVL,-2.9801865824671965
1403,chimpanzee,Patr-A*0901,9,CFTPSPVVV,-3.0009513104065766
1404,chimpanzee,Patr-A*0901,9,SFHQQSSGI,-3.0275001073466794
1405,chimpanzee,Patr-A*0901,9,EYVVLLFLL,-3.038814623925209
1406,chimpanzee,Patr-A*0901,9,AFASRGNHV,-3.043641783702149
1407,chimpanzee,Patr-A*0901,9,KFPGGGQIV,-3.0615332326340163
1408,chimpanzee,Patr-A*0901,9,QWISSEYTT,-3.069445315518167
1409,chimpanzee,Patr-A*0901,9,QFSRGNYRV,-3.0744906283080553
1410,chimpanzee,Patr-A*0901,9,GFLGPLLVL,-3.075075402168552
1411,chimpanzee,Patr-A*0901,9,PYLFWLAAI,-3.079175361317526
1412,chimpanzee,Patr-A*0901,9,GWVAAQLAA,-3.0884952048874563
1413,chimpanzee,Patr-A*0901,9,GFRKIPMGV,-3.1232241623310832
1414,chimpanzee,Patr-A*0901,9,GFTPPHGGL,-3.1511695360690526
1415,chimpanzee,Patr-A*0901,9,VFQSATKII,-3.1531642780692426
1416,chimpanzee,Patr-A*0901,9,LLLAILGPL,-3.184399964014371
1417,chimpanzee,Patr-A*0901,9,SFQVAHLHA,-3.184482572952928
1418,chimpanzee,Patr-A*0901,9,HFASPLHVA,-3.200669709181847
1419,chimpanzee,Patr-A*0901,9,DFAQGWGPI,-3.2045024984341093
1420,chimpanzee,Patr-A*0901,9,HWGVLAGIA,-3.2263299963813727
1421,chimpanzee,Patr-A*0901,9,CYSIEPLDL,-3.2324386868380532
1422,chimpanzee,Patr-A*0901,9,AYAAQGYKV,-3.2328469981043693
1423,chimpanzee,Patr-A*0901,9,LFNILGGWV,-3.264955616240458
1424,chimpanzee,Patr-A*0901,9,GFADLMGYI,-3.2919746471093987
1425,chimpanzee,Patr-A*0901,9,AFSYMDDVV,-3.2989390446771023
1426,chimpanzee,Patr-A*0901,9,NYTIFKVRM,-3.3007114115661684
1427,chimpanzee,Patr-A*0901,9,KFGYGAKDV,-3.3096217026459085
1428,chimpanzee,Patr-A*0901,9,LYQTFGRKL,-3.310252994291438
1429,chimpanzee,Patr-A*0901,9,IFFCLWVYI,-3.3120871363592146
1430,chimpanzee,Patr-A*0901,9,NYKFALWRV,-3.3454405912728413
1431,chimpanzee,Patr-A*0901,9,SEAAYAKKI,-3.35571275329556
1432,chimpanzee,Patr-A*0901,9,FWFCLLLLA,-3.366072666490457
1433,chimpanzee,Patr-A*0901,9,PWITPRCMV,-3.3806466238440085
1434,chimpanzee,Patr-A*0901,9,SWGANDTDV,-3.390580500926576
1435,chimpanzee,Patr-A*0901,9,ERYFRIHSL,-3.4202229302851115
1436,chimpanzee,Patr-A*0901,9,VYSTTSRSA,-3.4211708982773734
1437,chimpanzee,Patr-A*0901,9,GFTGDFDSV,-3.423047069064308
1438,chimpanzee,Patr-A*0901,9,AWKSKKTPM,-3.4445475273503545
1439,chimpanzee,Patr-A*0901,9,AQIDNYNKF,-3.4603456664892502
1440,chimpanzee,Patr-A*0901,9,PYFVRVQGL,-3.4711526890464617
1441,chimpanzee,Patr-A*0901,9,EFFTELDGV,-3.4734207474428387
1442,chimpanzee,Patr-A*0901,9,HYQDVLKEV,-3.5059435798404226
1443,chimpanzee,Patr-A*0901,9,AWRHRARSV,-3.5452572731790966
1444,chimpanzee,Patr-A*0901,9,VFSRMETKL,-3.6490257213144015
1445,chimpanzee,Patr-A*0901,9,AEFKYIAAV,-3.6570669554440496
1446,chimpanzee,Patr-A*0901,9,LYGVGSSIA,-3.6701095545343447
1447,chimpanzee,Patr-A*0901,9,GFFLLTRIL,-3.7011238488928098
1448,chimpanzee,Patr-A*0901,9,TYSAGIVQI,-3.7059089428956784
1449,chimpanzee,Patr-A*0901,9,FYPKVTKYL,-3.7071228050139577
1450,chimpanzee,Patr-A*0901,9,HYPPRPCGI,-3.712845677480293
1451,chimpanzee,Patr-A*0901,9,MYTNVDQDL,-3.749169697344757
1452,chimpanzee,Patr-A*0901,9,YVADALAAF,-3.7712677704778734
1453,chimpanzee,Patr-A*0901,9,LYMAISPKF,-3.7729058953583188
1454,chimpanzee,Patr-A*0901,9,AYMLFTKFF,-3.7764452333113736
1455,chimpanzee,Patr-A*0901,9,VYEAADAIL,-3.7819655630837787
1456,chimpanzee,Patr-A*0901,9,KTKDYVNGL,-3.7839533188570784
1457,chimpanzee,Patr-A*0901,9,VFPDLGVRV,-3.7880611383766367
1458,chimpanzee,Patr-A*0901,9,MALMKLAAL,-3.820931270712978
1459,chimpanzee,Patr-A*0901,9,KAGQYVTIW,-3.840368494219708
1460,chimpanzee,Patr-A*0901,9,LFILLLCLI,-3.86105220308371
1461,chimpanzee,Patr-A*0901,9,YQAVVPLVY,-3.887892974630181
1462,chimpanzee,Patr-A*0901,9,DYVVVHGYF,-3.899752652726341
1463,chimpanzee,Patr-A*0901,9,DHQAAFQYI,-3.93966227842885
1464,chimpanzee,Patr-A*0901,9,AYAQQTRGL,-3.944249725786085
1465,chimpanzee,Patr-A*0901,9,IRFPKTFGY,-3.9520885413266225
1466,chimpanzee,Patr-A*0901,9,PYNSVTDTI,-3.9780236799999376
1467,chimpanzee,Patr-A*0901,9,DYCSRNLYV,-3.998293197248074
1468,chimpanzee,Patr-A*0901,9,LYIIKLVFL,-4.0288196127469345
1469,chimpanzee,Patr-A*0901,9,QFKQKALGL,-4.078312374444457
1470,chimpanzee,Patr-A*0901,9,FVNYNFTLV,-4.1119859073198
1471,chimpanzee,Patr-A*0901,9,TILGIGTVL,-4.113912449484646
1472,chimpanzee,Patr-A*0901,9,AFKIMSGEV,-4.1918497847520095
1473,chimpanzee,Patr-A*0901,9,AYCLSTGCV,-4.211743885874458
1474,chimpanzee,Patr-A*0901,9,GSVNVVYTF,-4.220345994526936
1475,chimpanzee,Patr-A*0901,9,GFGAYMSKA,-4.350846431264461
1476,chimpanzee,Patr-A*0901,9,DWKVCQRIV,-4.355079380324096
1477,chimpanzee,Patr-A*0901,9,PFTQCGYPA,-4.386378109284018
1478,chimpanzee,Patr-A*0901,9,GYGAGVAGA,-4.424045018532338
1479,chimpanzee,Patr-A*0901,9,TYGPVFMCL,-4.474281144428391
1480,chimpanzee,Patr-A*0901,9,RISGVDRYY,-4.536183257425266
1481,chimpanzee,Patr-A*0901,9,FLRGRAYGI,-4.547702329041561
1482,chimpanzee,Patr-A*0901,9,TFTIETTTL,-4.561867017761575
1483,chimpanzee,Patr-A*0901,9,KCDELAAKL,-4.604242394025206
1484,chimpanzee,Patr-A*0901,9,ALPPRAYAM,-4.6116166285711
1485,chimpanzee,Patr-A*0901,9,FPYSTFPII,-4.674905717355434
1486,chimpanzee,Patr-A*0901,9,RYLKDQQLL,-4.675786344254981
1487,chimpanzee,Patr-A*0901,9,AQGYKVLVL,-4.6766858343125834
1488,chimpanzee,Patr-A*0901,9,YTAVVPLVY,-4.686160640892674
1489,chimpanzee,Patr-A*0901,9,CFRKLPINR,-4.697467249246598
1490,chimpanzee,Patr-A*0901,9,GYAFEHIVY,-4.7042541539152065
1491,chimpanzee,Patr-A*0901,9,YVQMALMKL,-4.732537667522597
1492,chimpanzee,Patr-A*0901,9,SDYLELDTI,-4.804220043954048
1493,chimpanzee,Patr-A*0901,9,AYIDNYNKF,-4.8504295239181525
